{
  "src": [
    "../assets/audio/sound.ogg",
    "sound.m4a",
    "sound.mp3",
    "sound.ac3"
  ],
  "sprite": {
    "1": [
      0,
      1403.9002267573696
    ],
    "2": [
      3000,
      1403.2653061224494
    ],
    "3": [
      6000,
      1402.5396825396824
    ],
    "4": [
      9000,
      1405.8956916099773
    ]
  }
}
